"Data","EsitoComm","Luogo_Descrizione","Tipologia_Descrizione","Genere_Descrizione","SommaDiQta","SommaDiResto","Pesinali","Rapporo","SommaDiQtaS","SommaDiRestoS","Soldi"
"1414-1415","Vendita","UD+Extra","Mul+Liv+Aff","Avena","34.5","0","207","32","6","144","1104"
"1414-1415","Vendita","UD+Extra","Mul+Liv+Aff","Avena","15","0","90","36","3","60","540"
"1414-1415","Vendita","UD+Extra","Mul+Liv+Aff","Frumento","21","1","127","80","11","13","1773"
"1414-1415","Vendita","UD+Extra","Mul+Liv+Aff","Frumento","67","0","402","90","37","110","6030"
"1414-1415","Vendita","UD+Extra","Mul+Liv+Aff","Frumento","21","0","126","98","12","138","2058"
"1414-1415","Vendita","UD+Extra","Mul+Liv+Aff","Miglio","29","2.5","176.5","32","5","141","941"
"1414-1415","Vendita","UD+Extra","Mul+Liv+Aff","Miglio","3","0","18","44",,"132",
"1414-1415","Vendita","UD+Extra","Mul+Liv+Aff","Segale","8.5","0","51","60","3","30","510"
"1414-1415","Vendita","UD+Extra","Mul+Liv+Aff","Sorgo","12","0","72","16","1","32","192"
"1414-1415","Vendita","UD+Extra","Mul+Liv+Aff","Vino","33","1","199","40","5","130","930"
"1416-1418","Vendita","Extra","Affitto","Avena","71","5.5","431.5","40","17","156","2876"
"1416-1418","Vendita","Extra","Affitto","Frumento","103.5","0","621","90","58","35","9315"
"1416-1418","Vendita","Extra","Affitto","Miglio","16","0.5","96.5","40","10","43","1643"
"1416-1418","Vendita","Extra","Affitto","Sorgo","16","0","96","20","2","0","320"
"1416-1418","Vendita","Extra","Affitto","Vino","37","3","225","40","9","70","1510"
"1416-1418+1421","Vendita","Udine","Mulino","Frumento","102","0","612","90","57","60","9180"
"1416-1418+1421","Vendita","Udine","Mulino","Segale","9","0","54","60","3","60","540"
"1417-1418+1421","Vendita","Udine","Livello","Avena","1","0","6","40","0","40","40"
"1417-1418+1421","Vendita","Udine","Livello","Frumento","1","0","6","90","0","90","90"
"1417-1418+1421","Vendita","Udine","Livello","Segale","6","3","39","60","2","70","390"
"1421","Vendita","Extra","Affitto","Avena","6.5","0","39","26","1","9","169"
"1421","Vendita","Extra","Affitto","Frumento","1.5","0","9","90","0","135","135"
"1421","Vendita","Extra","Affitto","Miglio","11","0","66","26","1","126","286"
"1421","Vendita","Extra","Affitto","Sorgo","4","1","25","12","0","50","50"
"1422-1425","Vendita","Extra","Affitto","Avena","91","5.5","551.5","26","14","144","2384"
"1422-1425","Vendita","Extra","Affitto","Frumento","143","3.5","861.5","50","43","139","7019"
"1422-1425","Vendita","Extra","Affitto","Miglio","81","0.5","486.5","26","13","27","2107"
"1422-1425","Vendita","Extra","Affitto","Segale","2","0","12","40","0","80","80"
"1422-1425","Vendita","Extra","Affitto","Sorgo","19","0","114","12","1","68","228"
"1422-1425","Vendita","Extra","Affitto","Vino","55.5","0","333","32","11","16","1776"
"1422-1425","Vendita","Udine","Livello","Frumento","4","0","24","50","1","40","200"
"1422-1425","Vendita","Udine","Livello","Miglio","1","0","6","26","0","26","26"
"1422-1425","Vendita","Udine","Livello","Segale","3","4","22","32","0","117","117"
"1422-1425","Vendita","Udine","Mulino","Frumento","117","0","702","50","36","130","5890"
"1422-1425","Vendita","Udine","Mulino","Segale","9","0","54","32","1","128","288"
