"Data","EsitoComm","Luogo_Descrizione","Tipologia_Descrizione","Genere_Descrizione","SommaDiQta","SommaDiResto","Pesinali"
"1412","Rendita","Extra","Affitto","Vino","21","0","126"
"1416","Rendita","Extra","Affitto","Vino","12","1","73"
"1417","Rendita","Extra","Affitto","Vino","22","0","132"
"1418","Rendita","Extra","Affitto","Vino","3","2","20"
"1419","Rendita","Extra","Affitto","Vino","0","0","0"
"1420","Rendita","Extra","Affitto","Vino","0","0","0"
"1421","Rendita","Extra","Affitto","Vino","0","0","0"
"1422","Rendita","Extra","Affitto","Vino","19","0","114"
"1423","Rendita","Extra","Affitto","Vino","4","0","24"
"1424","Rendita","Extra","Affitto","Vino","19","1","115"
"1425","Rendita","Extra","Affitto","Vino","18","1","109"
