"IdGenerale","Data","IdLuogo","IdTipologia","IdGenere","Qta","Um","Resto","UmR","EsitoComm","QtaS","UmS","RestoS","UmRS","RestoP","UmRP","Rapporo"
"1","1412","2","3","1","49","Staia","0",,"Rendita",,,,,,,
"2","1414-1415","3","4","1","140","Staia","1","Pesinale","Rendita",,,,,,,
"3","1414-1415","3","4","2","60","Staia","0",,"Rendita",,,,,,,
"4","1414-1415","3","4","1","21","Staia","0",,"Vendita","12","Marche","138","Soldi",,,"98"
"5","1414-1415","3","4","1","30","Staia","0",,"Accantonamento",,,,,,,
"6","1414-1415","3","4","0","104","Marche","0",,"Rendita","0",,"0",,,,
"7","1414-1415","3","4","0","184","Marche","68","Soldi","Spesa","0",,"0",,,,
"8","1416","2","3","1","16","Staia","2","Pesinale","Rendita","0",,"0",,,,
"9","1416","2","3","2","30","Staia","3","Pesinale","Rendita","0",,"0",,,,
"10","1414-1415","3","4","1","67","Staia","0",,"Vendita","37","Marche","110","Soldi",,,"90"
"11","1414-1415","3","4","1","21","Staia","1","Pesinale","Vendita","11","marche","13","soldi","4","piccoli","80"
"12","1414-1415","3","4","5","8.5","Staia","0",,"Rendita","0",,"0",,"0",,
"13","1414-1415","3","4","5","8.5","Staia","0",,"Vendita","3","Marche","30","Soldi","0",,"60"
"14","1414-1415","3","4","2","15","Staia","0",,"Vendita","3","Marche","60","Soldi","0",,"36"
"15","1414-1415","3","4","2","34.5","Staia","0",,"Vendita","6","Marche","144","Soldi","0",,"32"
"16","1414-1415","3","4","2","10.5","Staia","0",,"Accantonamento","0",,"0",,"0",,
"17","1414-1415","3","4","3","35","Staia","2.5","Pesinale","Rendita","0",,"0",,"0",,
"18","1414-1415","3","4","3","3","Staia","0",,"Vendita","0","Marche","132","Soldi","0",,"44"
"19","1414-1415","3","4","3","29","Staia","2.5","Pesinale","Vendita","5","Marche","141","Soldi","9","piccoli","32"
"20","1414-1415","3","4","3","3","Staia","0",,"Accantonamento","0",,"0",,"0",,
"21","1414-1415","3","4","4","12","Staia","0",,"Rendita","0",,"0",,"0",,
"22","1414-1415","3","4","4","12","Staia","0",,"Vendita","1","Marche","32","Soldi","0",,"16"
"23","1414-1415","3","4","6","33","Concio","1","Secchio","Rendita","0",,"0",,"0",,
"24","1414-1415","3","4","6","33","Concio","1","Secchio","Vendita","5","Marche","130","Soldi","0",,"40"
"25","1416","2","3","3","16","Staia","1","Pesinale","Rendita","0",,"0",,"0",,
"26","1416","2","3","4","6","Staia","0",,"Rendita","0",,"0",,"0",,
"27","1416","2","3","6","12","Concio","1","Secchio","Rendita","0",,"0",,"0",,
"28","1416","2","3","7","10","pezzi","0",,"Rendita","0",,"0",,"0",,
"29","1417","2","3","1","42","Staia","1.5","Pesinale","Rendita","0",,"0",,"0",,
"30","1417","2","3","2","26","Staia","5.5","Pesinale","Rendita","0",,"0",,"0",,
"31","1417","2","3","3","24","Staia","5.5","Pesinale","Rendita","0",,"0",,"0",,
"32","1417","2","3","4","10","Staia","0",,"Rendita","0",,"0",,"0",,
"33","1417","2","3","6","22","Concio","0",,"Rendita","0",,"0",,"0",,
"34","1417","2","3","7","7","pezzi","0",,"Rendita","0",,"0",,"0",,
"35","1417","2","3","0","0",,"0",,"Rendita","0","Marche","6","Denari","0",,
"36","1418","2","3","1","19","Staia","5.5","Pesinale","Rendita","0",,"0",,"0",,
"37","1418","2","3","2","14","Staia","3","Pesinale","Rendita",,,"0",,"0",,
"38","1418","2","3","6","3","Concio","2","Secchio","Rendita","0",,"0",,"0",,
"39","1421","2","3","1","1.5","Staia","0",,"Rendita","0",,"0",,"0",,
"40","1421","2","3","2","6","Staia","3","Pesinale","Rendita",,,"0",,"0",,
"41","1421","2","3","3","11","Staia","0",,"Rendita",,,"0",,"0",,
"42","1421","2","3","4","4","Staia","1","Pesinale","Rendita","0",,"0",,"0",,
"43","1421","2","3","7","3","pezzi","0",,"Rendita","0",,"0",,"0",,
"44","1422","2","3","1","26","Staia","0",,"Rendita","0",,"0",,"0",,
"45","1422","2","3","2","17","Staia","1.5","Pesinale","Rendita","0",,"0",,"0",,
"46","1422","2","3","5","2","Staia","0",,"Rendita","0",,"0",,"0",,
"47","1422","2","3","3","18","Staia","1","Pesinale","Rendita","0",,"0",,"0",,
"48","1422","2","3","4","2","Staia","0",,"Rendita","0",,"0",,"0",,
"49","1422","2","3","6","19","Concio","0",,"Rendita","0",,"0",,"0",,
"50","1422","2","3","7","8","pezzi","0",,"Rendita","0",,"0",,"0",,
"51","1423","2","3","1","26","Staia","5","Pesinale","Rendita","0",,"0",,"0",,
"52","1423","2","3","2","22","Staia","5","Pesinale","Rendita","0",,"0",,"0",,
"53","1423","2","3","3","14","Staia","0",,"Rendita","0",,"0",,"0",,
"54","1423","2","3","4","6","Staia","0",,"Rendita","0",,"0",,"0",,
"55","1423","2","3","6","4","Concio","0",,"Rendita","0",,"0",,"0",,
"56","1423","2","3","7","12","pezzi","0",,"Rendita","0",,"0",,"0",,
"57","1424","2","3","1","41","Staia","1.5","Pesinale","Rendita","0",,"0",,"0",,
"58","1424","2","3","2","27","Staia","1","Pesinale","Rendita","0",,"0",,"0",,
"59","1424","2","3","3","22","Staia","5.5","Pesinale","Rendita","0",,"0",,"0",,
"60","1424","2","3","4","6","Staia","0",,"Rendita","0",,"0",,"0",,
"61","1424","2","3","6","19","Concio","1","Secchio","Rendita","0",,"0",,"0",,
"62","1424","2","3","7","12","pezzi","0",,"Rendita","0",,"0",,"0",,
"63","1425","2","3","1","40","Staia","3","Pesinale","Rendita","0",,"0",,"0",,
"64","1425","2","3","2","27","Staia","1","Pesinale","Rendita","0",,"0",,"0",,
"65","1425","2","3","3","22","Staia","5.5","Pesinale","Rendita","0",,"0",,"0",,
"66","1425","2","3","4","6","Staia","0",,"Rendita","0",,"0",,"0",,
"67","1425","2","3","6","18","Concio","1","Secchio","Rendita","0",,"0",,"0",,
"68","1425","2","3","7","12","pezzi","0",,"Rendita","0",,"0",,"0",,
"69","1419","2","3","1","0","Staia","0","Pesinale","Rendita","0",,"0",,"0",,
"70","1419","2","3","2","0","Staia","0","Pesinale","Rendita","0",,"0",,"0",,
"71","1420","2","3","2","0","Staia","0","Pesinale","Rendita","0",,"0",,"0",,
"72","1420","2","3","1","0","Staia","0","Pesinale","Rendita","0",,"0",,"0",,
"73","1419","2","3","6","0","Concio","0","Secchio","Rendita","0",,"0",,"0",,
"74","1420","2","3","6","0","Concio","0","Secchio","Rendita","0",,"0",,"0",,
"75","1421","2","3","6","0","Concio","0","Secchio","Rendita","0",,"0",,"0",,
"76","1419","2","3","3","0","Staia","0","Pesinale","Rendita","0",,"0",,"0",,
"77","1420","2","3","3","0","Staia","0","Pesinale","Rendita","0",,"0",,"0",,
"78","1419","2","3","7","0","pezzi","0",,"Rendita","0",,"0",,"0",,
"79","1420","2","3","7","0","pezzi","0",,"Rendita","0",,"0",,"0",,
"80","1418","2","3","3","0","Staia","0","Pesinale","Rendita","0",,"0",,"0",,
"81","1418","2","3","7","0","pezzi","0",,"Rendita","0",,"0",,"0",,
"82","1412","2","3","2","41","Staia","0",,"Rendita","0",,"0",,"0",,
"83","1412","2","3","3","33.5","Staia","0",,"Rendita","0",,"0",,"0",,
"84","1412","2","3","4","6","Staia","0",,"Rendita","0",,"0",,"0",,
"85","1412","2","3","6","21","Concio","0",,"Rendita","0",,"0",,"0",,
"86","1412","2","3","7","25","pezzi","0",,"Rendita","0",,"0",,"0",,
"87","1412","2","3","8","3","pezzi","0",,"Rendita","0",,"0",,"0",,
"88","1416-1418","2","3","1","103.5","Staia","0",,"Vendita","58","Marche","35","Soldi","0",,"90"
"89","1416-1418","2","3","2","71","Staia","5.5","Pesinale","Vendita","17","Marche","156","Soldi","8","piccoli","40"
"90","1416-1418","2","3","3","16","Staia","0.5","Pesinale","Vendita","10","Marche","43","Soldi","4","piccoli","40"
"91","1416-1418","2","3","4","16","Staia","0",,"Vendita","2","Marche","0",,"0",,"20"
"92","1416-1418","2","3","6","37","Concio","3","Secchio","Vendita","9","Marche","70","Soldi","0",,"40"
"93","1421","2","3","1","1.5","Staia","0",,"Vendita","0","Marche","135","Soldi","0",,"90"
"94","1421","2","3","2","6.5","Staia","0",,"Vendita","1","Marche","9","Soldi","0",,"26"
"95","1421","2","3","3","11","Staia","0",,"Vendita","1","Marche","126","Soldi","0",,"26"
"96","1421","2","3","4","4","Staia","1","Pesinale","Vendita","0","Marche","50","Soldi","0",,"12"
"97","1422-1425","2","3","1","143","Staia","3.5","Pesinale","Vendita","43","Marche","139","Soldi","0",,"50"
"98","1422-1425","2","3","2","91","Staia","5.5","Pesinale","Vendita","14","Marche","144","Soldi","4","piccoli","26"
"99","1422-1425","2","3","5","2","Staia","0",,"Vendita","0","Marche","80","Soldi","0",,"40"
"100","1422-1425","2","3","3","81","Staia","0.5","Pesinale","Vendita","13","Marche","27","Soldi","9","piccoli","26"
"101","1422-1425","2","3","4","19","Staia","0",,"Vendita","1","Marche","68","Soldi","0",,"12"
"102","1422-1425","2","3","6","55.5","Concio","0",,"Vendita","11","Marche","16","Soldi","0",,"32"
"103","1416-1425","1","1","1","219","Staia","0",,"Rendita","0",,"0",,"0",,
"104","1416-1425","1","1","5","19","Staia","0",,"Rendita","0",,"0",,"0",,
"105","1416-1418+1421","1","1","1","102","Staia","0",,"Vendita","57","Marche","60","Soldi","0",,"90"
"106","1416-1418+1421","1","1","5","9","Staia","0",,"Vendita","3","Marche","60","Soldi","0",,"60"
"107","1422-1425","1","1","1","117","Staia","0",,"Vendita","36","Marche","130","Soldi","0",,"50"
"108","1422-1425","1","1","5","9","Staia","0",,"Vendita","1","Marche","128","Soldi","0",,"32"
"109","1416-1425","1","2","1","5","Staia","0",,"Rendita","0",,"0",,"0",,
"110","1416-1425","1","2","5","10","Staia","1","Pesinale","Rendita","0",,"0",,"0",,
"111","1416-1425","1","2","2","1","Staia","0",,"Rendita","0",,"0",,"0",,
"112","1416-1425","1","2","3","1","Staia","0",,"Rendita","0",,"0",,"0",,
"113","1417-1418+1421","1","2","1","1","Staia","0",,"Vendita","0","Marche","90","Soldi","0",,"90"
"114","1417-1418+1421","1","2","5","6","Staia","3","Pesinale","Vendita","2","Marche","70","Soldi","0",,"60"
"115","1417-1418+1421","1","2","2","1","Staia","0",,"Vendita","0","Marche","40","Soldi","0",,"40"
"116","1422-1425","1","2","1","4","Staia","0",,"Vendita","1","Marche","40","Soldi","0",,"50"
"117","1422-1425","1","2","5","3","Staia","4","Pesinale","Vendita","0","Marche","117","Soldi","0",,"32"
"118","1422-1425","1","2","3","1","Staia","0",,"Vendita","0","Marche","26","Soldi","0",,"26"
"119","1416-1425","1","5","0","0",,"0",,"Rendita","229","Marche","16","Soldi","0",,
"120","1416-1425","1","2","0","0",,"0",,"Rendita","45","Marche","70","Soldi","2","piccoli",
"125","1412","2","3",,"0",,"0",,"Rendita","0","Marche","56","Soldi","7","piccoli",
"126","1412","1","1","1","36","Staia","0",,"Rendita","0",,"0",,"0",,
"127","1412","1","2","1","3.5","Staia","0",,"Rendita","0",,"0",,"0",,
"128","1412","1","2","5","2","Staia","5","Pesinale","Rendita","0",,"0",,"0",,
"129","1412","1","2","2","0.5","Staia","0",,"Rendita","0",,"0",,"0",,
"130","1412","1","2","0","0",,"0",,"Rendita","0","Marche","23","Soldi","4","piccoli",
"131","1412","1","5","0","0",,"0",,"Rendita","25","Marche","73","Soldi","4","piccoli",
"132","1412","1","2","0","0",,"0",,"Rendita","5","Marche","120","Soldi","6","piccoli",
"133","1414-1415","1","6","0","0",,"0",,"Rendita","104","Marche","0",,"0",,
"134","1418","2","3","4","0","Staia","0","Pesinale","Rendita","0",,"0",,"0",,"0"
"135","1419","2","3","4","0","Staia","0","Pesinale","Rendita","0",,"0",,"0",,"0"
"136","1420","2","3","4","0","Staia","0","Pesinale","Rendita","0",,"0",,"0",,"0"
