"EsitoComm","Luogo_Descrizione","Tipologia_Descrizione","Genere_Descrizione","SommaDiSommaDiQta","SommaDiSommaDiResto","SommaDiPesinali","Tipo","Data","Norm"
"Rendita","Extra","Affitto","Avena","169","23","1037","Rendita Affitto. Extra","1416-1425","129.625"
"Rendita","Extra","Affitto","Frumento","211.5","18.5","1287.5","Rendita Affitto. Extra","1416-1425","160.9375"
"Rendita","Extra","Affitto","Miglio","127","18.5","780.5","Rendita Affitto. Extra","1416-1425","97.5625"
"Rendita","Extra","Affitto","Segale","2","0","12","Rendita Affitto. Extra","1416-1425","1.5"
"Rendita","Extra","Affitto","Sorgo","40","1","241","Rendita Affitto. Extra","1416-1425","30.125"
"Rendita","Extra","Affitto","Avena","41","0","246","Rendita Affitto. Extra","1412","246"
"Rendita","Extra","Affitto","Frumento","49","0","294","Rendita Affitto. Extra","1412","294"
"Rendita","Extra","Affitto","Miglio","33.5","0","201","Rendita Affitto. Extra","1412","201"
"Rendita","Extra","Affitto","Sorgo","6","0","36","Rendita Affitto. Extra","1412","36"
"Rendita","Udine","Livello","Avena","0.5","0","3","Rendita Livello. Udine","1412","3"
"Rendita","Udine","Livello","Frumento","3.5","0","21","Rendita Livello. Udine","1412","21"
"Rendita","Udine","Livello","Segale","2","5","17","Rendita Livello. Udine","1412","17"
"Rendita","Udine","Mulino","Frumento","36","0","216","Rendita Mulino. Udine","1412","216"
"Rendita","UD+Extra","Mul+Liv+Aff","Avena","60","0","360","Rendita Mul+Liv+Aff. UD+Extra","1414-1415","180"
"Rendita","UD+Extra","Mul+Liv+Aff","Frumento","140","1","841","Rendita Mul+Liv+Aff. UD+Extra","1414-1415","420.5"
"Rendita","UD+Extra","Mul+Liv+Aff","Miglio","35","2.5","212.5","Rendita Mul+Liv+Aff. UD+Extra","1414-1415","106.25"
"Rendita","UD+Extra","Mul+Liv+Aff","Segale","8.5","0","51","Rendita Mul+Liv+Aff. UD+Extra","1414-1415","25.5"
"Rendita","UD+Extra","Mul+Liv+Aff","Sorgo","12","0","72","Rendita Mul+Liv+Aff. UD+Extra","1414-1415","36"
"Rendita","Udine","Livello","Avena","1","0","6","Rendita Livello. Udine","1416-1425","0.75"
"Rendita","Udine","Livello","Frumento","5","0","30","Rendita Livello. Udine","1416-1425","3.75"
"Rendita","Udine","Livello","Miglio","1","0","6","Rendita Livello. Udine","1416-1425","0.75"
"Rendita","Udine","Livello","Segale","10","1","61","Rendita Livello. Udine","1416-1425","7.625"
"Rendita","Udine","Mulino","Frumento","219","0","1314","Rendita Mulino. Udine","1416-1425","164.25"
"Rendita","Udine","Mulino","Segale","19","0","114","Rendita Mulino. Udine","1416-1425","14.25"
