"Data","EsitoComm","Luogo","Tipologia","Descrizione","QtaS","UmS","RestoS","UmRS","RestoP","UmRP","Rapporo","Totale"
"1412","Rendita","Extra","Affitto",,"0","Marche","56","Soldi","7","piccoli",,"56"
"1412","Rendita","Udine","Affitto Casa",,"25","Marche","73","Soldi","4","piccoli",,"4073"
"1412","Rendita","Udine","Livello",,"0","Marche","23","Soldi","4","piccoli",,"23"
"1412","Rendita","Udine","Livello",,"5","Marche","120","Soldi","6","piccoli",,"920"
"1414-1415","Rendita","Udine","AffittoCasa+Livelli",,"104","Marche","0",,"0",,,"16640"
"1414-1415","Vendita","UD+Extra","Mul+Liv+Aff","Avena","3","Marche","60","Soldi","0",,"36","540"
"1414-1415","Vendita","UD+Extra","Mul+Liv+Aff","Avena","6","Marche","144","Soldi","0",,"32","1104"
"1414-1415","Vendita","UD+Extra","Mul+Liv+Aff","Frumento","11","marche","13","soldi","4","piccoli","80","1773"
"1414-1415","Vendita","UD+Extra","Mul+Liv+Aff","Frumento","12","Marche","138","Soldi",,,"98","2058"
"1414-1415","Vendita","UD+Extra","Mul+Liv+Aff","Frumento","37","Marche","110","Soldi",,,"90","6030"
"1414-1415","Vendita","UD+Extra","Mul+Liv+Aff","Miglio","5","Marche","141","Soldi","9","piccoli","32","941"
"1414-1415","Vendita","UD+Extra","Mul+Liv+Aff","Segale","3","Marche","30","Soldi","0",,"60","510"
"1414-1415","Vendita","UD+Extra","Mul+Liv+Aff","Sorgo","1","Marche","32","Soldi","0",,"16","192"
"1414-1415","Vendita","UD+Extra","Mul+Liv+Aff","Vino","5","Marche","130","Soldi","0",,"40","930"
"1416-1418","Vendita","Extra","Affitto","Avena","17","Marche","156","Soldi","8","piccoli","40","2876"
"1416-1418","Vendita","Extra","Affitto","Frumento","58","Marche","35","Soldi","0",,"90","9315"
"1416-1418","Vendita","Extra","Affitto","Miglio","10","Marche","43","Soldi","4","piccoli","40","1643"
"1416-1418","Vendita","Extra","Affitto","Sorgo","2","Marche","0",,"0",,"20","320"
"1416-1418","Vendita","Extra","Affitto","Vino","9","Marche","70","Soldi","0",,"40","1510"
"1416-1418+1421","Vendita","Udine","Mulino","Frumento","57","Marche","60","Soldi","0",,"90","9180"
"1416-1418+1421","Vendita","Udine","Mulino","Segale","3","Marche","60","Soldi","0",,"60","540"
"1416-1425","Rendita","Udine","Affitto Casa",,"229","Marche","16","Soldi","0",,,"36656"
"1416-1425","Rendita","Udine","Livello",,"45","Marche","70","Soldi","2","piccoli",,"7270"
"1417-1418+1421","Vendita","Udine","Livello","Avena","0","Marche","40","Soldi","0",,"40","40"
"1417-1418+1421","Vendita","Udine","Livello","Frumento","0","Marche","90","Soldi","0",,"90","90"
"1417-1418+1421","Vendita","Udine","Livello","Segale","2","Marche","70","Soldi","0",,"60","390"
"1421","Vendita","Extra","Affitto","Avena","1","Marche","9","Soldi","0",,"26","169"
"1421","Vendita","Extra","Affitto","Frumento","0","Marche","135","Soldi","0",,"90","135"
"1421","Vendita","Extra","Affitto","Miglio","1","Marche","126","Soldi","0",,"26","286"
"1421","Vendita","Extra","Affitto","Sorgo","0","Marche","50","Soldi","0",,"12","50"
"1422-1425","Vendita","Extra","Affitto","Avena","14","Marche","144","Soldi","4","piccoli","26","2384"
"1422-1425","Vendita","Extra","Affitto","Frumento","43","Marche","139","Soldi","0",,"50","7019"
"1422-1425","Vendita","Extra","Affitto","Miglio","13","Marche","27","Soldi","9","piccoli","26","2107"
"1422-1425","Vendita","Extra","Affitto","Segale","0","Marche","80","Soldi","0",,"40","80"
"1422-1425","Vendita","Extra","Affitto","Sorgo","1","Marche","68","Soldi","0",,"12","228"
"1422-1425","Vendita","Extra","Affitto","Vino","11","Marche","16","Soldi","0",,"32","1776"
"1422-1425","Vendita","Udine","Livello","Frumento","1","Marche","40","Soldi","0",,"50","200"
"1422-1425","Vendita","Udine","Livello","Miglio","0","Marche","26","Soldi","0",,"26","26"
"1422-1425","Vendita","Udine","Livello","Segale","0","Marche","117","Soldi","0",,"32","117"
"1422-1425","Vendita","Udine","Mulino","Frumento","36","Marche","130","Soldi","0",,"50","5890"
"1422-1425","Vendita","Udine","Mulino","Segale","1","Marche","128","Soldi","0",,"32","288"
